id,Domain,Sub-Section,Subtopic,Subbullet,Question,Option A,Option B,Option C,Option D,Correct Answer,Explanation
1115,1.0 Security Operations,1.1 Explain concepts related to system and network architecture in security operations.,Logging Concepts,Ingestion,"A SOC is deploying a new SIEM and needs to ensure logs from firewalls, servers, and cloud services are all collected into a central platform. Which logging concept does this primarily describe?",Retention,Ingestion,Time synchronization,Integrity,B,Ingestion refers to the collection and inbound transport of log data from various sources into a centralized logging or SIEM platform for analysis.
1116,1.0 Security Operations,1.1 Explain concepts related to system and network architecture in security operations.,Logging Concepts,Configuration,"An analyst notices that a critical server is generating verbose debug-level logs, overwhelming the SIEM with noise while failing to capture authentication events. Which logging concept should be adjusted to resolve this?",Retention,Integrity and security,Configuration,Ingestion,C,"Log configuration determines what events are logged, at what severity/verbosity, and which sources are included; tuning it ensures relevant events (like authentication) are captured without excessive noise."
1117,1.0 Security Operations,1.1 Explain concepts related to system and network architecture in security operations.,Logging Concepts,Integrity and security,"A threat actor gains access to a Linux server and attempts to delete bash history and modify syslog entries to cover their tracks. Which logging concept, if properly implemented, would have prevented this?",Time synchronization,Retention,Ingestion,Integrity and security,D,"Logging integrity and security controls, such as write-once storage, log forwarding to a separate system, and cryptographic hashing, protect logs from tampering or deletion by attackers."
1118,1.0 Security Operations,1.1 Explain concepts related to system and network architecture in security operations.,Logging Concepts,Time synchronization,"During a multi-site incident investigation, analysts find that correlating events across three data centers is nearly impossible because each site's servers use a different local clock source. Which logging concept addresses this issue?",Time synchronization,Configuration,Retention,Ingestion,A,"Time synchronization (e.g., via NTP) ensures all systems share a consistent, accurate time source, which is essential for correlating events across multiple systems during investigations."
1119,1.0 Security Operations,1.1 Explain concepts related to system and network architecture in security operations.,Logging Concepts,Retention,"A company's compliance policy requires that security logs be kept available for review for a minimum of 12 months, even though the SIEM's active storage only holds 90 days of data online. Which logging concept governs how the organization meets this requirement?",Ingestion,Integrity and security,Retention,Time synchronization,C,"Retention defines how long logs are stored and how they are archived, ensuring logs remain available to meet compliance, legal, or investigative requirements beyond the active storage window."
1120,1.0 Security Operations,1.1 Explain concepts related to system and network architecture in security operations.,Operating System Concepts,System hardening,"A systems administrator disables unused services, removes default accounts, and applies the CIS Benchmark to a newly built Windows server before it goes into production. This activity is best described as:",Log retention,System hardening,Containerization,Virtualization,B,"System hardening is the process of reducing a system's attack surface by disabling unnecessary services, removing default credentials, and applying secure configuration baselines."
1121,1.0 Security Operations,1.1 Explain concepts related to system and network architecture in security operations.,Operating System Concepts,System hardening,Which of the following is the BEST example of system hardening applied to a Linux server?,Enabling verbose logging for all user logins,Installing a third-party antivirus with default settings,Disabling root SSH login and enforcing key-based authentication,Increasing the server's log retention period to 180 days,C,Disabling direct root login and enforcing key-based SSH authentication reduces the attack surface and is a core system hardening practice; the other options relate to logging or monitoring rather than hardening.
1122,1.0 Security Operations,1.1 Explain concepts related to system and network architecture in security operations.,Operating System Concepts,File structure - Critical files,An analyst investigating a Linux compromise wants to check for unauthorized changes to the file that stores local user account password hashes. Which file should the analyst examine?,/etc/passwd,/etc/hosts,/etc/shadow,/var/log/auth.log,C,/etc/shadow stores the hashed passwords for local Linux user accounts and is a critical file; unauthorized modification could indicate account tampering or a password-cracking attempt.
1123,1.0 Security Operations,1.1 Explain concepts related to system and network architecture in security operations.,Operating System Concepts,File structure - Critical files,"On a Windows system, which critical file/registry structure is most commonly analyzed to identify persistence mechanisms configured to run at startup?",Hosts file,Run/RunOnce registry keys,DNS cache,Prefetch folder,B,"The Run and RunOnce registry keys control which programs automatically execute at system startup, making them a common location attackers use for persistence and a critical artifact for analysts to review."
1124,1.0 Security Operations,1.1 Explain concepts related to system and network architecture in security operations.,Operating System Concepts,System processes,"A CySA+ analyst reviewing a host's process list notices a process named ""svch0st.exe"" running from a user's Temp directory. What does this most likely indicate?",Normal Windows service host process,A legitimate scheduled task,Process masquerading/malware attempting to mimic a legitimate system process,A kernel-level driver update,C,"Attackers often name malicious processes similarly to legitimate system processes (e.g., svchost.exe) to evade detection; running from a Temp directory and using a misspelled name are strong indicators of process masquerading."
1125,1.0 Security Operations,1.1 Explain concepts related to system and network architecture in security operations.,Operating System Concepts,System processes,Which technique would BEST help an analyst determine whether a running process has an unusual parent-child relationship indicative of malicious activity?,Reviewing file retention policies,Examining the process tree/parent process ID (PPID),Checking NTP configuration,Reviewing IAM role assignments,B,"Examining the process tree and parent process IDs helps analysts identify anomalies, such as a Word document spawning PowerShell, which is a common indicator of malicious activity."
1126,1.0 Security Operations,1.1 Explain concepts related to system and network architecture in security operations.,Infrastructure/System Architecture Concepts,Cloud native,"An organization builds an application using managed services, auto-scaling groups, and serverless functions specifically designed to run in a cloud environment rather than being lifted-and-shifted from on-premises. This approach is best described as:",Virtualization,Cloud native,Containerization,Hybrid cloud,B,"Cloud-native architecture refers to applications specifically designed and built to take advantage of cloud computing models, such as microservices, auto-scaling, and managed services."
1127,1.0 Security Operations,1.1 Explain concepts related to system and network architecture in security operations.,Infrastructure/System Architecture Concepts,Cloud native,"From a security operations perspective, which of the following is a UNIQUE consideration when securing cloud-native applications compared to traditional on-premises applications?",Physical server rack security,Misconfigured cloud storage buckets and identity permissions across ephemeral resources,BIOS-level firmware attacks,Coaxial cabling vulnerabilities,B,"Cloud-native environments introduce unique risks such as misconfigured storage buckets, overly permissive IAM roles, and ephemeral/dynamically scaling resources that are harder to track with traditional security tools."
1128,1.0 Security Operations,1.1 Explain concepts related to system and network architecture in security operations.,Infrastructure/System Architecture Concepts,Virtualization,A security analyst is concerned about an attacker breaking out of a guest virtual machine to access the underlying hypervisor and other VMs on the same host. This risk is most closely associated with which concept?,Containerization escape,VM/hypervisor escape,API abuse,Zero Trust bypass,B,"Virtualization introduces the risk of VM escape, where an attacker exploits a vulnerability to break out of an isolated virtual machine and gain access to the hypervisor or other VMs."
1129,1.0 Security Operations,1.1 Explain concepts related to system and network architecture in security operations.,Infrastructure/System Architecture Concepts,Virtualization,Which security benefit does virtualization provide to a SOC when investigating a suspected compromised server?,It eliminates the need for logging,It allows analysts to easily snapshot and isolate the VM for forensic analysis without affecting production,It automatically patches the guest OS,It removes the need for network segmentation,B,"Virtualization allows analysts to take snapshots of a VM's state and isolate it in a sandboxed environment for forensic investigation, without disrupting other production systems."
1130,1.0 Security Operations,1.1 Explain concepts related to system and network architecture in security operations.,Infrastructure/System Architecture Concepts,Containerization,"A DevOps team packages an application along with all its dependencies into a lightweight, portable unit that shares the host OS kernel rather than including a full guest OS. This describes:",Virtualization,Containerization,Cloud native,SASE,B,"Containerization packages an application and its dependencies into an isolated unit that shares the host operating system's kernel, differing from virtualization, which requires a full guest OS per instance."
1131,1.0 Security Operations,1.1 Explain concepts related to system and network architecture in security operations.,Infrastructure/System Architecture Concepts,Containerization,Which of the following represents a significant security concern unique to containerized environments?,Hard drive fragmentation,Vulnerable or outdated base images being reused across many containers,Physical theft of server hardware,Analog signal interception,B,"Containers are often built from base images; if a base image contains vulnerabilities or malware, that risk propagates to every container built from it, making image scanning a key security practice."
1132,1.0 Security Operations,1.1 Explain concepts related to system and network architecture in security operations.,Infrastructure/System Architecture Concepts,Application programming interfaces (APIs),"A security team discovers that an internal API endpoint does not properly validate the authorization token, allowing any authenticated user to access another user's data by changing an ID in the request. This is an example of:",Time synchronization failure,Broken object level authorization (BOLA) in an API,VM escape,Log ingestion failure,B,"Broken Object Level Authorization occurs when an API fails to verify that a user is authorized to access the specific object/resource requested, a common and critical API security flaw."
1133,1.0 Security Operations,1.1 Explain concepts related to system and network architecture in security operations.,Infrastructure/System Architecture Concepts,Application programming interfaces (APIs),Which practice BEST reduces risk when an organization exposes APIs to third-party integrations?,Disabling all logging to improve performance,"Enforcing strong authentication, rate limiting, and input validation on API endpoints",Allowing unauthenticated access for ease of integration,Using only symmetric encryption for all API traffic,B,"Securing APIs requires strong authentication/authorization, rate limiting to prevent abuse, and input validation to prevent injection attacks, especially when exposed to third parties."
1134,1.0 Security Operations,1.1 Explain concepts related to system and network architecture in security operations.,Device Management Concepts,Mobile,"An organization wants employees to use their personal smartphones for work email while ensuring corporate data can be selectively wiped if the device is lost, without affecting personal apps and photos. Which device management concept addresses this?",Endpoint detection and response,Mobile device management (MDM) with containerization/selective wipe,Zero Trust Network Architecture,Secure access service edge,B,MDM solutions with containerization or selective wipe capabilities allow organizations to manage and remove corporate data and apps on personal (BYOD) devices without erasing personal content.
1135,1.0 Security Operations,1.1 Explain concepts related to system and network architecture in security operations.,Device Management Concepts,Mobile,Which of the following is a primary security risk associated with mobile device management in a BYOD environment?,Excessive log retention costs,Mixing of personal and corporate data increasing the risk of data leakage,Overuse of hypervisor snapshots,API rate limiting failures,B,"In BYOD environments, the blending of personal and corporate data on the same device increases the risk that sensitive corporate data could leak through personal apps, backups, or lost/stolen devices."
1136,1.0 Security Operations,1.1 Explain concepts related to system and network architecture in security operations.,Device Management Concepts,Endpoint,"A SOC deploys an agent on all corporate laptops that continuously monitors process behavior, file changes, and network connections, and can automatically isolate a host from the network upon detecting malicious activity. This is an example of:",SASE,Endpoint detection and response (EDR),PAM,Zero Trust,B,"EDR solutions provide continuous endpoint monitoring, behavioral detection, and automated response capabilities such as network isolation, which is a core endpoint device management/security concept."
1137,1.0 Security Operations,1.1 Explain concepts related to system and network architecture in security operations.,Device Management Concepts,Endpoint,Which endpoint management practice would MOST effectively reduce the risk of unpatched vulnerabilities being exploited across the organization's laptops?,"Manual, ad-hoc patching when convenient",Centralized patch management with automated deployment schedules,Disabling endpoint logging to save disk space,Allowing users local admin rights to self-manage updates,B,"Centralized, automated patch management ensures endpoints are consistently and promptly updated, reducing the window of exposure to known vulnerabilities."
1138,1.0 Security Operations,1.1 Explain concepts related to system and network architecture in security operations.,Network Architecture Concepts,Zero Trust Network Architecture (ZTNA),"An organization moves away from a traditional VPN model, where authenticated users had broad network access, to a model where every access request is continuously verified and users are granted access only to specific applications based on identity, device posture, and context. This describes:",Hybrid cloud,Zero Trust Network Architecture (ZTNA),SASE,IAM federation,B,"ZTNA operates on the principle of 'never trust, always verify,' granting granular, continuously-verified access to specific resources rather than broad network-level trust, unlike traditional VPNs."
1139,1.0 Security Operations,1.1 Explain concepts related to system and network architecture in security operations.,Network Architecture Concepts,Zero Trust Network Architecture (ZTNA),Which core principle differentiates ZTNA from a traditional perimeter-based security model?,It assumes internal network traffic is automatically trusted,It relies solely on firewall rules for all decision-making,"It enforces least-privilege, continuous verification regardless of network location",It requires all users to be physically on-site,C,"ZTNA eliminates implicit trust based on network location and instead enforces continuous, context-aware verification and least-privilege access for every request, whether internal or external."
1140,1.0 Security Operations,1.1 Explain concepts related to system and network architecture in security operations.,Network Architecture Concepts,Secure access service edge (SASE),"A company wants to combine networking capabilities (like SD-WAN) with security functions (like a secure web gateway, CASB, and ZTNA) into a single, cloud-delivered service for its distributed remote workforce. This architecture is known as:",Secure access service edge (SASE),Hybrid cloud,Containerization,Virtualization,A,"SASE converges networking (SD-WAN) and security services (SWG, CASB, ZTNA, firewall-as-a-service) into a unified, cloud-delivered platform, ideal for securing distributed and remote workforces."
1141,1.0 Security Operations,1.1 Explain concepts related to system and network architecture in security operations.,Network Architecture Concepts,Secure access service edge (SASE),What is a primary security operations benefit of adopting a SASE architecture?,It eliminates the need for identity and access management,It centralizes policy enforcement and visibility for users regardless of their location,It requires all traffic to pass through an on-premises data center,It removes the need for encryption,B,"SASE centralizes security policy enforcement and provides consistent visibility and control over traffic from users and devices no matter where they are located, rather than backhauling traffic through a central data center."
1142,1.0 Security Operations,1.1 Explain concepts related to system and network architecture in security operations.,Network Architecture Concepts,Hybrid cloud,"An organization keeps its sensitive financial database on-premises for regulatory reasons but runs its customer-facing web application in a public cloud provider, with connectivity between the two environments. This architecture is known as:",Containerization,Hybrid cloud,SASE,ZTNA,B,"Hybrid cloud combines on-premises (private) infrastructure with public cloud resources, connected to work together, often used to balance regulatory/compliance needs with cloud scalability."
1143,1.0 Security Operations,1.1 Explain concepts related to system and network architecture in security operations.,Network Architecture Concepts,Hybrid cloud,"From a security operations standpoint, which challenge is MOST associated with hybrid cloud environments?",Inability to use encryption,Maintaining consistent security policies and visibility across disparate on-premises and cloud environments,Complete elimination of the attack surface,Guaranteed compliance with all regulations automatically,B,"Hybrid cloud environments often use different tools and controls on-premises versus in the cloud, making it challenging to maintain consistent policy enforcement, monitoring, and visibility across both."
1144,1.0 Security Operations,1.1 Explain concepts related to system and network architecture in security operations.,Identity and Access Management (IAM),Privileged access management (PAM),"A security team implements a solution that requires administrators to check out temporary, time-limited credentials to access sensitive systems, with all privileged sessions recorded for audit purposes. This is an example of:",Secrets management,Privileged access management (PAM),SASE,Zero Trust,B,"PAM solutions control, monitor, and audit access to privileged accounts, often using just-in-time credential checkout and session recording to reduce the risk of privileged account abuse."
1145,1.0 Security Operations,1.1 Explain concepts related to system and network architecture in security operations.,Identity and Access Management (IAM),Privileged access management (PAM),Which of the following BEST reduces the risk of standing privileged access being exploited by an attacker who compromises an administrator's workstation?,Granting all admins permanent domain admin rights,Implementing just-in-time (JIT) privileged access with time-limited elevation,Disabling multifactor authentication for admin accounts,Sharing a single admin account among the IT team,B,"Just-in-time privileged access grants elevated permissions only for a limited time when needed, reducing the window during which compromised credentials could be used to abuse privileged access."
1146,1.0 Security Operations,1.1 Explain concepts related to system and network architecture in security operations.,Identity and Access Management (IAM),Authentication and authorization methods,A company implements a system where a user must provide a password AND a one-time code generated by an authenticator app before being granted access. This is an example of:,Single sign-on (SSO),Multifactor authentication (MFA),Federation,Role-based access control (RBAC),B,"MFA requires two or more independent factors (something you know, have, or are) to authenticate a user, in this case a password (knowledge) and a one-time code (possession)."
1147,1.0 Security Operations,1.1 Explain concepts related to system and network architecture in security operations.,Identity and Access Management (IAM),Authentication and authorization methods,"An organization assigns permissions to users based on their job function, such as ""HR Manager"" or ""Network Administrator,"" rather than assigning permissions to each individual user. This access control model is called:",Discretionary access control (DAC),Role-based access control (RBAC),Mandatory access control (MAC),Attribute-based access control (ABAC),B,"RBAC assigns permissions based on predefined roles that correspond to job functions, simplifying access management by granting/revoking access through role assignment rather than per-user."
1148,1.0 Security Operations,1.1 Explain concepts related to system and network architecture in security operations.,Identity and Access Management (IAM),Authentication and authorization methods,"A hospital wants to grant access to patient records only when the requesting user's department, the patient's assigned care team, and the time of day all meet specific conditions. Which access control model BEST supports this level of granularity?",Role-based access control (RBAC),Attribute-based access control (ABAC),Discretionary access control (DAC),Rule-based access control based solely on IP address,B,"ABAC evaluates multiple attributes (user department, resource attributes, environmental conditions like time) to make dynamic, granular access decisions, making it ideal for complex, context-dependent scenarios."
1149,1.0 Security Operations,1.1 Explain concepts related to system and network architecture in security operations.,Identity and Access Management (IAM),Authentication and authorization methods,Which authentication method allows a user to log in once and gain access to multiple independent applications without re-entering credentials for each?,Single sign-on (SSO),Mandatory access control,Privileged access management,Secrets management,A,SSO allows a user to authenticate once and be granted access to multiple connected applications or systems without needing to log in separately to each one.
1150,1.0 Security Operations,1.1 Explain concepts related to system and network architecture in security operations.,Identity and Access Management (IAM),Secrets management,"A development team hardcodes a database password directly into application source code, which is later found in a public GitHub repository. Which concept, if properly implemented, would have prevented this exposure?",Time synchronization,Secrets management,System hardening,File structure controls,B,"Secrets management involves securely storing, rotating, and injecting sensitive credentials (like API keys and passwords) at runtime using a dedicated vault, rather than hardcoding them into source code."
1151,1.0 Security Operations,1.1 Explain concepts related to system and network architecture in security operations.,Identity and Access Management (IAM),Secrets management,Which of the following is a best practice for managing API keys and service account credentials used by automated systems?,Store them in plaintext configuration files committed to version control,Use a centralized secrets vault with automated rotation and access logging,Email the credentials to all developers for convenience,Never rotate credentials once issued,B,A centralized secrets vault with automated rotation and audit logging reduces the risk of credential exposure and ensures secrets can be revoked or rotated quickly if compromised.
1152,1.0 Security Operations,1.1 Explain concepts related to system and network architecture in security operations.,Encryption Techniques,Encryption techniques,An organization encrypts data while it is stored on a database server's disk to protect against theft of the physical drive. This describes protection for data:,In transit,At rest,In use,In processing,B,"Encrypting data at rest protects information stored on disks, databases, or backup media from unauthorized access if the storage medium is stolen or accessed without authorization."
1153,1.0 Security Operations,1.1 Explain concepts related to system and network architecture in security operations.,Encryption Techniques,Encryption techniques,"Which encryption approach uses a single shared key for both encrypting and decrypting data, making key distribution a significant challenge?",Asymmetric encryption,Symmetric encryption,Hashing,Digital signatures,B,"Symmetric encryption uses the same key for both encryption and decryption; while fast, it requires securely distributing and managing the shared key among all parties."
1154,1.0 Security Operations,1.1 Explain concepts related to system and network architecture in security operations.,Encryption Techniques,Encryption techniques,"A website uses a public/private key pair so that anyone can encrypt a message to the server using its public key, but only the server (holding the private key) can decrypt it. This is an example of:",Symmetric encryption,Asymmetric encryption,Hashing,Obfuscation,B,"Asymmetric (public key) encryption uses a mathematically related key pair, where data encrypted with the public key can only be decrypted with the corresponding private key, enabling secure key exchange without sharing a secret key."
1155,1.0 Security Operations,1.1 Explain concepts related to system and network architecture in security operations.,Encryption Techniques,Encryption techniques,An organization wants to ensure that data transmitted between a remote employee's laptop and the corporate VPN gateway cannot be read if intercepted. This is an example of protecting data:,At rest,In transit,In use,At ingestion,B,"Encrypting data in transit (e.g., via TLS or IPsec VPN tunnels) protects information as it moves across a network from being read by an attacker performing a man-in-the-middle attack."
1156,1.0 Security Operations,1.1 Explain concepts related to system and network architecture in security operations.,Encryption Techniques,Encryption techniques,"Which technology allows computations to be performed directly on encrypted data without ever decrypting it, protecting data even while it is being processed?",Symmetric encryption,Homomorphic encryption,Hashing,Tokenization,B,"Homomorphic encryption enables computations on ciphertext, producing an encrypted result that, when decrypted, matches the result of operations performed on the plaintext, protecting data in use."
1157,1.0 Security Operations,1.1 Explain concepts related to system and network architecture in security operations.,Data Protection Concepts,Data protection concepts,An organization implements a solution that automatically detects and blocks employees from emailing files containing credit card numbers to external addresses. This is an example of:,Data loss prevention (DLP),Data classification,Data masking,Data sovereignty,A,"DLP solutions monitor, detect, and block the unauthorized transmission of sensitive data, such as credit card numbers, outside of the organization's control."
1158,1.0 Security Operations,1.1 Explain concepts related to system and network architecture in security operations.,Data Protection Concepts,Data protection concepts,"A company labels its documents as ""Public,"" ""Internal,"" ""Confidential,"" and ""Restricted"" based on the sensitivity of their content, and applies different handling controls to each level. This practice is known as:",Data masking,Data classification,Tokenization,Data minimization,B,"Data classification involves categorizing data based on sensitivity or impact level, which then drives the appropriate handling, storage, and protection controls applied to each category."
1159,1.0 Security Operations,1.1 Explain concepts related to system and network architecture in security operations.,Data Protection Concepts,Data protection concepts,"A software testing team needs realistic-looking data to test an application, but the organization does not want to expose real customer Social Security numbers. The team uses a process that replaces real values with fictitious but realistically formatted values. This is:",Data classification,Data masking,Data retention,Data sovereignty,B,"Data masking replaces sensitive data with fictitious but structurally similar data, allowing non-production environments like testing to use realistic data without exposing actual sensitive information."
1160,1.0 Security Operations,1.1 Explain concepts related to system and network architecture in security operations.,Data Protection Concepts,Data protection concepts,A multinational company must ensure that customer data collected from EU citizens is stored and processed within EU borders to comply with local regulations. This requirement relates to the concept of:,Data sovereignty,Data masking,Data minimization,Tokenization,A,"Data sovereignty refers to the concept that data is subject to the laws and governance of the country/region in which it is collected or stored, requiring organizations to ensure geographic compliance."
1161,1.0 Security Operations,1.1 Explain concepts related to system and network architecture in security operations.,Critical Infrastructure Concepts,Operational technology (OT),"A power plant uses specialized computing systems to directly control physical processes like turbines and valves, systems that are distinct from traditional IT networks and often prioritize availability over confidentiality. This is best described as:",Information technology (IT),Operational technology (OT),Cloud native infrastructure,Virtualized infrastructure,B,"Operational technology refers to hardware and software that directly monitors and controls physical devices, processes, and infrastructure, commonly found in manufacturing, energy, and utilities, and typically prioritizes availability and safety over confidentiality."
1162,1.0 Security Operations,1.1 Explain concepts related to system and network architecture in security operations.,Critical Infrastructure Concepts,Industrial control system (ICS),A manufacturing facility uses programmable logic controllers (PLCs) and human-machine interfaces (HMIs) to automate and manage an assembly line process. This collective system is known as:,Industrial control system (ICS),Zero Trust Network Architecture,Secrets management platform,Cloud-native application,A,"An ICS encompasses the control systems, including PLCs and HMIs, used to operate and automate industrial processes such as manufacturing and assembly lines."
1163,1.0 Security Operations,1.1 Explain concepts related to system and network architecture in security operations.,Critical Infrastructure Concepts,Supervisory control and data acquisition (SCADA),A water utility company uses a centralized system to remotely monitor and control geographically dispersed pumping stations and treatment plants across an entire region. This system is best classified as:,Supervisory control and data acquisition (SCADA),Mobile device management,Secure access service edge,Attribute-based access control,A,"SCADA systems are used to remotely monitor and control geographically distributed industrial processes and infrastructure, such as water treatment and distribution across a wide region."
1164,1.0 Security Operations,1.1 Explain concepts related to system and network architecture in security operations.,Critical Infrastructure Concepts,Critical infrastructure concepts,Which factor makes patching vulnerabilities in ICS/SCADA environments significantly more challenging than in traditional IT environments?,ICS/SCADA systems are always cloud-based,"Patching often requires taking systems offline, which can halt critical physical processes and is difficult to schedule",ICS/SCADA systems automatically receive patches with zero downtime,ICS/SCADA systems do not require patching,B,"Patching OT/ICS/SCADA systems often requires downtime that could disrupt critical physical processes (e.g., halting a power plant or water treatment facility), making patch management far more complex than in typical IT environments, where legacy systems and vendor constraints add further difficulty."
